<?xml version="1.1" encoding="UTF-8" standalone="yes"?>
<addon id="plugin.video.shiztv"
       name="[COLOR dodgerblue]ShizZ Tv[/COLOR]"
       version="1.0"
       provider-name="SHIZ TV">
  <requires>
    <import addon="xbmc.python" version="2.1.0"/>
	<import addon="script.module.requests" />
  </requires>
  <extension point="xbmc.python.pluginsource"
            library="default.py">
        <provides>video</provides>
  </extension>
  <extension point="xbmc.addon.metadata">
    <summary lang="en">[COLORskyblue]ShizZ Tv[/COLOR]</summary>
    <language>en</language>
    <description lang="en">[COLORskyblue]ShizZ Tv[/COLOR] Official Addon - Supplier of Great Quality and Stable Streams</description>
     <platform>all</platform>
  </extension>
</addon>