<?xml version="1.0" encoding="UTF-8" standalone="yes"?>
<addon id="repository.shiztv" name="Shiz TV" version="1.0" provider-name="shiztv">
	<extension point="xbmc.addon.repository" name="Download the ShizTV Addon">
		<info compressed="false">http://kodi.shizapps.tk/.repo/addons.xml</info>
		<checksum>http://kodi.shizapps.tk/.repo/addons.xml.md5</checksum>
		<datadir zip="true">http://kodi.shizapps.tk/.repo/zips</datadir>
	</extension>
	<extension point="xbmc.addon.metadata">
		<summary>Download the ShizTV Addon</summary>
		<description>Download the ShizTV Addon</description>
		<platform>all</platform>
	</extension>
</addon>
